,Код инструмента,Календарная дата,Цена
0,A592UFM060F,27/02/2015,32100
1,A592UFM060F,04/03/2015,33300
2,A592UFM060F,17/03/2015,32650
3,A592UFM060F,18/03/2015,32000
4,A592UFM060F,19/03/2015,31800
5,A592UFM060F,20/03/2015,32000
6,A592UFM060F,23/03/2015,32500
7,A592UFM060F,24/03/2015,32700
8,A592UFM060F,25/03/2015,32700
9,A592UFM060F,26/03/2015,32700
10,A592UFM060F,27/03/2015,32500
11,A592UFM060F,30/03/2015,32200
12,A592UFM060F,03/04/2015,32200
13,A592UFM060F,06/04/2015,32200
14,A592UFM060F,08/04/2015,32300
15,A592UFM060F,09/04/2015,32310
16,A592UFM060F,10/04/2015,32100
17,A592UFM060F,13/04/2015,31600
18,A592UFM060F,14/04/2015,31600
19,A592UFM060F,20/04/2015,31600
20,A592UFM060F,21/04/2015,31000
21,A592UFM060F,22/04/2015,31100
22,A592UFM060F,23/04/2015,31200
23,A592UFM060F,24/04/2015,31800
24,A592UFM060F,29/04/2015,31300
25,A592UFM060F,07/05/2015,31700
26,A592UFM060F,08/05/2015,31800
27,A592UFM060F,12/05/2015,32000
28,A592UFM060F,13/05/2015,32000
29,A592UFM060F,14/05/2015,32160
30,A592UFM060F,15/05/2015,32810
31,A592UFM060F,18/05/2015,33100
32,A592UFM060F,19/05/2015,33150
33,A592UFM060F,20/05/2015,33750
34,A592UFM060F,21/05/2015,34000
35,A592UFM060F,22/05/2015,34000
36,A592UFM060F,25/05/2015,33900
37,A592UFM060F,26/05/2015,33800
38,A592UFM060F,27/05/2015,33900
39,A592UFM060F,28/05/2015,34400
40,A592UFM060F,29/05/2015,34830
41,A592UFM060F,01/06/2015,35000
42,A592UFM060F,02/06/2015,35100
43,A592UFM060F,03/06/2015,35610
44,A592UFM060F,04/06/2015,36300
45,A592UFM060F,05/06/2015,36300
46,A592UFM060F,08/06/2015,35000
47,A592UFM060F,09/06/2015,35000
48,A592UFM060F,10/06/2015,36300
49,A592UFM060F,11/06/2015,36500
50,A592UFM060F,15/06/2015,36500
51,A592UFM060F,16/06/2015,36600
52,A592UFM060F,17/06/2015,36850
53,A592UFM060F,18/06/2015,37500
54,A592UFM060F,19/06/2015,38000
55,A592UFM060F,22/06/2015,38000
56,A592UFM060F,23/06/2015,38000
57,A592UFM060F,24/06/2015,38000
58,A592UFM060F,25/06/2015,38000
59,A592UFM060F,26/06/2015,39500
60,A592UFM060F,29/06/2015,38000
61,A592UFM060F,30/06/2015,38000
62,A592UFM060F,01/07/2015,39500
63,A592UFM060F,02/07/2015,39600
64,A592UFM060F,03/07/2015,39500
65,A592UFM060F,06/07/2015,39700
66,A592UFM060F,07/07/2015,40200
67,A592UFM060F,08/07/2015,40453
68,A592UFM060F,09/07/2015,40000
69,A592UFM060F,10/07/2015,39800
70,A592UFM060F,13/07/2015,39800
71,A592UFM060F,14/07/2015,39500
72,A592UFM060F,15/07/2015,39500
73,A592UFM060F,16/07/2015,39400
74,A592UFM060F,17/07/2015,39400
75,A592UFM060F,20/07/2015,39450
76,A592UFM060F,21/07/2015,39500
77,A592UFM060F,22/07/2015,39600
78,A592UFM060F,23/07/2015,39800
79,A592UFM060F,24/07/2015,39500
80,A592UFM060F,27/07/2015,39200
81,A592UFM060F,28/07/2015,39300
82,A592UFM060F,29/07/2015,39600
83,A592UFM060F,30/07/2015,39800
84,A592UFM060F,31/07/2015,39900
85,A592UFM060F,03/08/2015,39900
86,A592UFM060F,04/08/2015,39900
87,A592UFM060F,05/08/2015,40100
88,A592UFM060F,06/08/2015,40200
89,A592UFM060F,07/08/2015,39800
90,A592UFM060F,10/08/2015,40100
91,A592UFM060F,11/08/2015,40100
92,A592UFM060F,12/08/2015,40250
93,A592UFM060F,13/08/2015,40400
94,A592UFM060F,14/08/2015,40250
95,A592UFM060F,17/08/2015,40250
96,A592UFM060F,18/08/2015,40300
97,A592UFM060F,19/08/2015,40000
98,A592UFM060F,20/08/2015,40000
99,A592UFM060F,21/08/2015,40000
100,A592UFM060F,24/08/2015,40000
101,A592UFM060F,25/08/2015,40200
102,A592UFM060F,26/08/2015,40200
103,A592UFM060F,27/08/2015,39900
104,A592UFM060F,28/08/2015,39500
105,A592UFM060F,31/08/2015,39500
106,A592UFM060F,01/09/2015,39200
107,A592UFM060F,02/09/2015,39000
108,A592UFM060F,03/09/2015,38800
109,A592UFM060F,04/09/2015,38800
110,A592UFM060F,07/09/2015,38500
111,A592UFM060F,08/09/2015,38500
112,A592UFM060F,09/09/2015,38700
113,A592UFM060F,10/09/2015,38800
114,A592UFM060F,11/09/2015,38700
115,A592UFM060F,14/09/2015,38499
116,A592UFM060F,15/09/2015,38500
117,A592UFM060F,16/09/2015,38499
118,A592UFM060F,17/09/2015,37800
119,A592UFM060F,18/09/2015,37600
120,A592UFM060F,21/09/2015,37000
121,A592UFM060F,22/09/2015,37000
122,A592UFM060F,23/09/2015,37000
123,A592UFM060F,24/09/2015,37100
124,A592UFM060F,25/09/2015,37600
125,A592UFM060F,28/09/2015,37000
126,A592UFM060F,29/09/2015,37000
127,A592UFM060F,30/09/2015,37100
128,A592UFM060F,01/10/2015,37100
129,A592UFM060F,02/10/2015,37000
130,A592UFM060F,05/10/2015,36900
131,A592UFM060F,06/10/2015,36800
132,A592UFM060F,07/10/2015,36850
133,A592UFM060F,08/10/2015,37000
134,A592UFM060F,09/10/2015,37100
135,A592UFM060F,12/10/2015,37100
136,A592UFM060F,13/10/2015,37200
137,A592UFM060F,14/10/2015,37200
138,A592UFM060F,15/10/2015,36800
139,A592UFM060F,16/10/2015,36500
140,A592UFM060F,19/10/2015,36312
141,A592UFM060F,20/10/2015,36068
142,A592UFM060F,21/10/2015,35810
143,A592UFM060F,22/10/2015,35642
144,A592UFM060F,23/10/2015,35000
145,A592UFM060F,26/10/2015,34254
146,A592UFM060F,27/10/2015,33863
147,A592UFM060F,28/10/2015,34130
148,A592UFM060F,29/10/2015,34221
149,A592UFM060F,30/10/2015,34050
150,A592UFM060F,02/11/2015,33900
151,A592UFM060F,03/11/2015,34026
152,A592UFM060F,05/11/2015,33910
153,A592UFM060F,06/11/2015,33916
154,A592UFM060F,09/11/2015,33925
155,A592UFM060F,10/11/2015,33986
156,A592UFM060F,11/11/2015,34203
157,A592UFM060F,12/11/2015,33567
158,A592UFM060F,13/11/2015,33087
159,A592UFM060F,16/11/2015,32851
160,A592UFM060F,17/11/2015,32800
161,A592UFM060F,18/11/2015,32764
162,A592UFM060F,19/11/2015,32505
163,A592UFM060F,20/11/2015,32403
164,A592UFM060F,23/11/2015,32075
165,A592UFM060F,24/11/2015,31975
166,A592UFM060F,25/11/2015,32134
167,A592UFM060F,26/11/2015,32172
168,A592UFM060F,27/11/2015,32200
169,A592UFM060F,30/11/2015,32282
170,A592UFM060F,01/12/2015,32365
171,A592UFM060F,02/12/2015,32496
172,A592UFM060F,03/12/2015,32659
173,A592UFM060F,04/12/2015,32315
174,A592UFM060F,07/12/2015,32063
175,A592UFM060F,08/12/2015,31900
176,A592UFM060F,09/12/2015,31947
177,A592UFM060F,10/12/2015,31866
178,A592UFM060F,11/12/2015,31486
179,A592UFM060F,14/12/2015,30929
180,A592UFM060F,15/12/2015,30400
181,A592UFM060F,16/12/2015,30258
182,A592UFM060F,17/12/2015,30112
183,A592UFM060F,18/12/2015,29992
184,A592UFM060F,21/12/2015,30096
185,A592UFM060F,22/12/2015,30134
186,A592UFM060F,23/12/2015,30521
187,A592UFM060F,24/12/2015,30688
188,A592UFM060F,25/12/2015,31065
189,A592UFM060F,11/01/2016,30511
190,A592UFM060F,12/01/2016,30089
191,A592UFM060F,13/01/2016,29940
192,A592UFM060F,14/01/2016,29787
193,A592UFM060F,15/01/2016,29816
194,A592UFM060F,18/01/2016,30054
195,A592UFM060F,19/01/2016,30485
196,A592UFM060F,20/01/2016,31765
197,A592UFM060F,21/01/2016,31922
198,A592UFM060F,22/01/2016,31828
199,A592UFM060F,25/01/2016,31610
200,A592UFM060F,26/01/2016,32000
201,A592UFM060F,27/01/2016,32585
202,A592UFM060F,28/01/2016,32942
203,A592UFM060F,29/01/2016,33389
204,A592UFM060F,01/02/2016,33485
205,A592UFM060F,02/02/2016,33218
206,A592UFM060F,03/02/2016,33188
207,A592UFM060F,04/02/2016,34225
208,A592UFM060F,05/02/2016,34693
209,A592UFM060F,08/02/2016,34943
210,A592UFM060F,09/02/2016,35076
211,A592UFM060F,10/02/2016,34768
212,A592UFM060F,11/02/2016,34408
213,A592UFM060F,12/02/2016,34579
214,A592UFM060F,15/02/2016,34726
215,A592UFM060F,16/02/2016,34423
216,A592UFM060F,17/02/2016,34539
217,A592UFM060F,18/02/2016,34593
218,A592UFM060F,19/02/2016,34597
219,A592UFM060F,20/02/2016,34613
220,A592UFM060F,24/02/2016,34600
221,A592UFM060F,25/02/2016,34600
222,A592UFM060F,26/02/2016,34707
223,A592UFM060F,29/02/2016,34911
224,A592UFM060F,01/03/2016,35125
225,A592UFM060F,02/03/2016,35453
226,A592UFM060F,03/03/2016,35719
227,A592UFM060F,04/03/2016,35774
228,A592UFM060F,09/03/2016,35697
229,A592UFM060F,10/03/2016,35567
230,A592UFM060F,11/03/2016,35712
231,A592UFM060F,14/03/2016,35846
232,A592UFM060F,15/03/2016,36400
233,A592UFM060F,16/03/2016,36922
234,A592UFM060F,17/03/2016,36951
235,A592UFM060F,18/03/2016,37292
236,A592UFM060F,21/03/2016,37429
237,A592UFM060F,22/03/2016,37467
238,A592UFM060F,23/03/2016,37590
239,A592UFM060F,24/03/2016,37417
240,A592UFM060F,25/03/2016,37400
241,A592UFM060F,28/03/2016,37350
242,A592UFM060F,29/03/2016,37289
243,A592UFM060F,30/03/2016,37293
244,A592UFM060F,31/03/2016,37543
245,A592UFM060F,01/04/2016,37498
246,A592UFM060F,04/04/2016,37400
247,A592UFM060F,05/04/2016,36810
248,A592UFM060F,06/04/2016,36800
249,A592UFM060F,07/04/2016,36859
250,A592UFM060F,08/04/2016,36893
251,A592UFM060F,11/04/2016,36800
252,A592UFM060F,12/04/2016,36533
253,A592UFM060F,13/04/2016,36604
254,A592UFM060F,14/04/2016,36629
255,A592UFM060F,15/04/2016,36749
256,A592UFM060F,18/04/2016,36903
257,A592UFM060F,19/04/2016,37037
258,A592UFM060F,20/04/2016,36787
259,A592UFM060F,21/04/2016,36700
260,A592UFM060F,22/04/2016,36787
261,A592UFM060F,25/04/2016,36859
262,A592UFM060F,26/04/2016,36930
263,A592UFM060F,27/04/2016,37010
264,A592UFM060F,28/04/2016,37288
265,A592UFM060F,29/04/2016,37323
266,A592UFM060F,04/05/2016,37394
267,A592UFM060F,05/05/2016,37440
268,A592UFM060F,06/05/2016,37404
269,A592UFM060F,10/05/2016,37376
270,A592UFM060F,11/05/2016,37542
271,A592UFM060F,12/05/2016,37391
272,A592UFM060F,13/05/2016,37106
273,A592UFM060F,16/05/2016,37008
274,A592UFM060F,17/05/2016,37012
275,A592UFM060F,18/05/2016,36924
276,A592UFM060F,19/05/2016,36600
277,A592UFM060F,20/05/2016,36612
278,A592UFM060F,23/05/2016,36719
279,A592UFM060F,24/05/2016,36704
280,A592UFM060F,25/05/2016,36805
281,A592UFM060F,26/05/2016,37294
282,A592UFM060F,27/05/2016,37308
283,A592UFM060F,30/05/2016,37300
284,A592UFM060F,31/05/2016,37623
285,A592UFM060F,01/06/2016,38338
286,A592UFM060F,02/06/2016,39284
287,A592UFM060F,03/06/2016,39973
288,A592UFM060F,06/06/2016,39917
289,A592UFM060F,07/06/2016,39647
290,A592UFM060F,08/06/2016,39834
291,A592UFM060F,09/06/2016,40200
292,A592UFM060F,10/06/2016,40000
293,A592UFM060F,14/06/2016,39541
294,A592UFM060F,15/06/2016,39503
295,A592UFM060F,16/06/2016,39771
296,A592UFM060F,17/06/2016,39891
297,A592UFM060F,20/06/2016,40005
298,A592UFM060F,21/06/2016,40258
299,A592UFM060F,22/06/2016,40615
300,A592UFM060F,23/06/2016,40565
301,A592UFM060F,24/06/2016,40583
302,A592UFM060F,27/06/2016,40628
303,A592UFM060F,28/06/2016,40599
304,A592UFM060F,29/06/2016,40372
305,A592UFM060F,30/06/2016,40280
306,A592UFM060F,01/07/2016,40168
307,A592UFM060F,04/07/2016,40197
308,A592UFM060F,05/07/2016,40219
309,A592UFM060F,06/07/2016,40200
310,A592UFM060F,07/07/2016,39949
311,A592UFM060F,08/07/2016,39663
312,A592UFM060F,11/07/2016,39303
313,A592UFM060F,12/07/2016,39275
314,A592UFM060F,13/07/2016,39204
315,A592UFM060F,14/07/2016,39539
316,A592UFM060F,15/07/2016,39500
317,A592UFM060F,18/07/2016,39500
318,A592UFM060F,19/07/2016,39400
319,A592UFM060F,20/07/2016,39570
320,A592UFM060F,21/07/2016,39851
321,A592UFM060F,22/07/2016,40027
322,A592UFM060F,25/07/2016,40093
323,A592UFM060F,26/07/2016,40157
324,A592UFM060F,27/07/2016,39881
325,A592UFM060F,28/07/2016,39506
326,A592UFM060F,29/07/2016,39513
327,A592UFM060F,01/08/2016,39580
328,A592UFM060F,02/08/2016,39500
329,A592UFM060F,03/08/2016,39500
330,A592UFM060F,04/08/2016,39105
331,A592UFM060F,05/08/2016,39025
332,A592UFM060F,08/08/2016,39033
333,A592UFM060F,09/08/2016,39000
334,A592UFM060F,10/08/2016,38590
335,A592UFM060F,11/08/2016,38500
336,A592UFM060F,12/08/2016,38633
337,A592UFM060F,15/08/2016,38820
338,A592UFM060F,16/08/2016,38811
339,A592UFM060F,17/08/2016,38968
340,A592UFM060F,18/08/2016,39100
341,A592UFM060F,19/08/2016,39100
342,A592UFM060F,22/08/2016,39074
343,A592UFM060F,23/08/2016,38822
344,A592UFM060F,24/08/2016,38539
345,A592UFM060F,25/08/2016,38156
346,A592UFM060F,26/08/2016,38108
347,A592UFM060F,29/08/2016,38063
348,A592UFM060F,30/08/2016,37796
349,A592UFM060F,31/08/2016,37700
350,A592UFM060F,01/09/2016,37558
351,A592UFM060F,02/09/2016,37022
352,A592UFM060F,05/09/2016,36805
353,A592UFM060F,06/09/2016,36954
354,A592UFM060F,07/09/2016,36920
355,A592UFM060F,08/09/2016,36575
356,A592UFM060F,09/09/2016,36423
357,A592UFM060F,12/09/2016,35885
358,A592UFM060F,13/09/2016,35835
359,A592UFM060F,14/09/2016,35800
360,A592UFM060F,15/09/2016,35081
361,A592UFM060F,16/09/2016,35000
362,A592UFM060F,19/09/2016,34798
363,A592UFM060F,20/09/2016,35719
364,A592UFM060F,21/09/2016,35700
365,A592UFM060F,22/09/2016,35500
366,A592UFM060F,23/09/2016,35500
367,A592UFM060F,26/09/2016,35675
368,A592UFM060F,27/09/2016,35845
369,A592UFM060F,28/09/2016,35754
370,A592UFM060F,29/09/2016,35114
371,A592UFM060F,30/09/2016,35077
372,A592UFM060F,03/10/2016,35297
373,A592UFM060F,04/10/2016,35540
374,A592UFM060F,05/10/2016,35525
375,A592UFM060F,06/10/2016,35500
376,A592UFM060F,07/10/2016,35500
377,A592UFM060F,10/10/2016,35395
378,A592UFM060F,11/10/2016,35371
379,A592UFM060F,12/10/2016,35435
380,A592UFM060F,13/10/2016,35442
381,A592UFM060F,14/10/2016,35614
382,A592UFM060F,17/10/2016,35793
383,A592UFM060F,18/10/2016,35750
384,A592UFM060F,19/10/2016,35838
385,A592UFM060F,20/10/2016,35800
386,A592UFM060F,21/10/2016,35835
387,A592UFM060F,24/10/2016,36036
388,A592UFM060F,25/10/2016,36488
389,A592UFM060F,26/10/2016,36990
390,A592UFM060F,27/10/2016,37021
391,A592UFM060F,28/10/2016,36600
392,A592UFM060F,31/10/2016,37073
393,A592UFM060F,01/11/2016,37472
394,A592UFM060F,02/11/2016,37563
395,A592UFM060F,03/11/2016,37305
396,A592UFM060F,07/11/2016,36708
397,A592UFM060F,08/11/2016,36716
398,A592UFM060F,09/11/2016,36717
399,A592UFM060F,10/11/2016,36755
400,A592UFM060F,11/11/2016,36440
401,A592UFM060F,14/11/2016,36450
402,A592UFM060F,15/11/2016,36250
403,A592UFM060F,16/11/2016,36025
404,A592UFM060F,17/11/2016,36245
405,A592UFM060F,18/11/2016,36925
406,A592UFM060F,21/11/2016,37092
407,A592UFM060F,22/11/2016,37140
408,A592UFM060F,23/11/2016,37021
409,A592UFM060F,24/11/2016,37000
410,A592UFM060F,25/11/2016,36919
411,A592UFM060F,28/11/2016,36723
412,A592UFM060F,29/11/2016,36955
413,A592UFM060F,30/11/2016,37067
414,A592UFM060F,01/12/2016,37082
415,A592UFM060F,02/12/2016,37555
416,A592UFM060F,05/12/2016,37922
417,A592UFM060F,06/12/2016,38030
418,A592UFM060F,07/12/2016,38530
419,A592UFM060F,08/12/2016,38830
420,A592UFM060F,09/12/2016,38500
421,A592UFM060F,12/12/2016,38681
422,A592UFM060F,13/12/2016,38891
423,A592UFM060F,14/12/2016,39086
424,A592UFM060F,15/12/2016,38800
425,A592UFM060F,16/12/2016,38825
426,A592UFM060F,19/12/2016,38855
427,A592UFM060F,20/12/2016,38921
428,A592UFM060F,21/12/2016,39106
429,A592UFM060F,22/12/2016,38707
430,A592UFM060F,23/12/2016,38819
431,A592UFM060F,26/12/2016,38700
432,A592UFM060F,27/12/2016,38832
433,A592UFM060F,09/01/2017,38344
434,A592UFM060F,10/01/2017,38310
435,A592UFM060F,11/01/2017,39109
436,A592UFM060F,12/01/2017,39546
437,A592UFM060F,13/01/2017,39574
438,A592UFM060F,16/01/2017,39817
439,A592UFM060F,17/01/2017,39542
440,A592UFM060F,18/01/2017,39183
441,A592UFM060F,19/01/2017,38800
442,A592UFM060F,20/01/2017,38599
443,A592UFM060F,23/01/2017,39013
444,A592UFM060F,24/01/2017,38831
445,A592UFM060F,25/01/2017,38521
446,A592UFM060F,26/01/2017,38265
447,A592UFM060F,27/01/2017,38202
448,A592UFM060F,30/01/2017,38311
449,A592UFM060F,31/01/2017,38267
450,A592UFM060F,01/02/2017,38372
451,A592UFM060F,02/02/2017,38362
452,A592UFM060F,03/02/2017,38792
453,A592UFM060F,06/02/2017,38551
454,A592UFM060F,07/02/2017,38506
455,A592UFM060F,08/02/2017,38750
456,A592UFM060F,09/02/2017,38843
457,A592UFM060F,10/02/2017,38940
458,A592UFM060F,13/02/2017,38936
459,A592UFM060F,14/02/2017,38936
460,A592UFM060F,15/02/2017,38679
461,A592UFM060F,16/02/2017,38136
462,A592UFM060F,17/02/2017,38000
463,A592UFM060F,20/02/2017,38110
464,A592UFM060F,21/02/2017,38428
465,A592UFM060F,22/02/2017,38472
466,A592UFM060F,27/02/2017,38503
467,A592UFM060F,28/02/2017,38050
468,A592UFM060F,01/03/2017,38111
469,A592UFM060F,02/03/2017,38331
470,A592UFM060F,03/03/2017,38120
471,A592UFM060F,06/03/2017,38022
472,A592UFM060F,07/03/2017,38019
473,A592UFM060F,09/03/2017,37920
474,A592UFM060F,10/03/2017,37904
475,A592UFM060F,13/03/2017,37757
476,A592UFM060F,14/03/2017,37922
477,A592UFM060F,15/03/2017,38049
478,A592UFM060F,16/03/2017,38412
479,A592UFM060F,17/03/2017,38435
480,A592UFM060F,20/03/2017,38520
481,A592UFM060F,21/03/2017,38533
482,A592UFM060F,22/03/2017,38945
483,A592UFM060F,23/03/2017,39322
484,A592UFM060F,24/03/2017,39292
485,A592UFM060F,27/03/2017,39223
486,A592UFM060F,28/03/2017,39338
487,A592UFM060F,29/03/2017,39371
488,A592UFM060F,30/03/2017,39527
489,A592UFM060F,31/03/2017,39361
490,A592UFM060F,03/04/2017,39390
491,A592UFM060F,04/04/2017,39351
492,A592UFM060F,05/04/2017,39376
493,A592UFM060F,06/04/2017,39342
494,A592UFM060F,07/04/2017,39230
495,A592UFM060F,10/04/2017,39201
496,A592UFM060F,11/04/2017,39271
497,A592UFM060F,12/04/2017,39577
498,A592UFM060F,13/04/2017,39707
499,A592UFM060F,14/04/2017,39695
500,A592UFM060F,17/04/2017,39712
501,A592UFM060F,18/04/2017,39593
502,A592UFM060F,19/04/2017,39670
503,A592UFM060F,20/04/2017,39846
504,A592UFM060F,21/04/2017,40057
505,A592UFM060F,24/04/2017,40143
506,A592UFM060F,25/04/2017,39839
507,A592UFM060F,26/04/2017,39928
508,A592UFM060F,27/04/2017,40091
509,A592UFM060F,28/04/2017,40032
510,A592UFM060F,02/05/2017,40062
511,A592UFM060F,03/05/2017,40112
512,A592UFM060F,04/05/2017,40506
513,A592UFM060F,05/05/2017,40284
514,A592UFM060F,10/05/2017,40220
515,A592UFM060F,11/05/2017,40300
516,A592UFM060F,12/05/2017,40405
517,A592UFM060F,15/05/2017,40514
518,A592UFM060F,16/05/2017,40508
519,A592UFM060F,17/05/2017,40666
520,A592UFM060F,18/05/2017,40938
521,A592UFM060F,19/05/2017,41106
522,A592UFM060F,22/05/2017,41458
523,A592UFM060F,23/05/2017,41121
524,A592UFM060F,24/05/2017,41218
525,A592UFM060F,25/05/2017,41382
526,A592UFM060F,26/05/2017,41488
527,A592UFM060F,29/05/2017,41552
528,A592UFM060F,30/05/2017,41602
529,A592UFM060F,31/05/2017,41378
530,A592UFM060F,01/06/2017,41293
531,A592UFM060F,02/06/2017,40934
532,A592UFM060F,05/06/2017,41021
533,A592UFM060F,06/06/2017,41096
534,A592UFM060F,07/06/2017,41233
535,A592UFM060F,08/06/2017,41328
536,A592UFM060F,09/06/2017,41491
537,A592UFM060F,13/06/2017,41593
538,A592UFM060F,14/06/2017,41677
539,A592UFM060F,15/06/2017,41718
540,A592UFM060F,16/06/2017,41364
541,A592UFM060F,19/06/2017,41322
542,A592UFM060F,20/06/2017,41236
543,A592UFM060F,21/06/2017,41125
544,A592UFM060F,22/06/2017,40770
545,A592UFM060F,23/06/2017,40935
546,A592UFM060F,26/06/2017,40876
547,A592UFM060F,27/06/2017,40906
548,A592UFM060F,28/06/2017,41110
549,A592UFM060F,29/06/2017,41374
550,A592UFM060F,30/06/2017,41049
551,A592UFM060F,03/07/2017,41027
552,A592UFM060F,04/07/2017,41161
553,A592UFM060F,05/07/2017,41338
554,A592UFM060F,06/07/2017,41371
555,A592UFM060F,07/07/2017,41026
556,A592UFM060F,10/07/2017,41076
557,A592UFM060F,11/07/2017,41093
558,A592UFM060F,12/07/2017,41109
559,A592UFM060F,13/07/2017,40675
560,A592UFM060F,14/07/2017,40161
561,A592UFM060F,17/07/2017,40090
562,A592UFM060F,18/07/2017,40290
563,A592UFM060F,19/07/2017,40643
564,A592UFM060F,20/07/2017,40769
565,A592UFM060F,21/07/2017,40300
566,A592UFM060F,24/07/2017,40338
567,A592UFM060F,25/07/2017,40498
568,A592UFM060F,26/07/2017,40679
569,A592UFM060F,27/07/2017,40806
570,A592UFM060F,28/07/2017,40420
571,A592UFM060F,31/07/2017,40499
572,A592UFM060F,01/08/2017,40489
573,A592UFM060F,02/08/2017,40725
574,A592UFM060F,03/08/2017,40826
575,A592UFM060F,04/08/2017,40717
576,A592UFM060F,07/08/2017,40725
577,A592UFM060F,08/08/2017,40761
578,A592UFM060F,09/08/2017,40791
579,A592UFM060F,10/08/2017,40740
580,A592UFM060F,11/08/2017,40801
581,A592UFM060F,14/08/2017,41071
582,A592UFM060F,15/08/2017,41186
583,A592UFM060F,16/08/2017,41292
584,A592UFM060F,17/08/2017,40880
585,A592UFM060F,18/08/2017,40821
586,A592UFM060F,21/08/2017,41091
587,A592UFM060F,22/08/2017,41218
588,A592UFM060F,23/08/2017,41370
589,A592UFM060F,24/08/2017,41227
590,A592UFM060F,25/08/2017,41425
591,A592UFM060F,28/08/2017,41596
592,A592UFM060F,29/08/2017,41314
593,A592UFM060F,30/08/2017,41526
594,A592UFM060F,31/08/2017,41254
595,A592UFM060F,01/09/2017,41319
596,A592UFM060F,04/09/2017,41315
597,A592UFM060F,05/09/2017,41363
598,A592UFM060F,06/09/2017,41400
599,A592UFM060F,07/09/2017,41422
600,A592UFM060F,08/09/2017,41450
601,A592UFM060F,11/09/2017,41035
602,A592UFM060F,12/09/2017,41000
603,A592UFM060F,13/09/2017,40912
604,A592UFM060F,14/09/2017,40920
605,A592UFM060F,15/09/2017,40832
606,A592UFM060F,18/09/2017,40637
607,A592UFM060F,19/09/2017,40517
608,A592UFM060F,20/09/2017,40660
609,A592UFM060F,21/09/2017,40600
610,A592UFM060F,22/09/2017,40827
611,A592UFM060F,25/09/2017,41278
612,A592UFM060F,26/09/2017,41040
613,A592UFM060F,27/09/2017,40722
614,A592UFM060F,28/09/2017,40680
615,A592UFM060F,29/09/2017,40741
616,A592UFM060F,02/10/2017,40769
617,A592UFM060F,03/10/2017,40708
618,A592UFM060F,04/10/2017,40975
619,A592UFM060F,05/10/2017,41278
620,A592UFM060F,06/10/2017,41271
621,A592UFM060F,09/10/2017,41350
622,A592UFM060F,10/10/2017,41521
623,A592UFM060F,11/10/2017,41467
624,A592UFM060F,12/10/2017,41410
625,A592UFM060F,13/10/2017,41200
626,A592UFM060F,16/10/2017,41210
627,A592UFM060F,17/10/2017,41235
628,A592UFM060F,18/10/2017,41069
629,A592UFM060F,19/10/2017,41014
630,A592UFM060F,20/10/2017,40948
631,A592UFM060F,23/10/2017,40722
632,A592UFM060F,24/10/2017,40762
633,A592UFM060F,25/10/2017,40686
634,A592UFM060F,26/10/2017,40613
635,A592UFM060F,27/10/2017,40643
636,A592UFM060F,30/10/2017,40759
637,A592UFM060F,31/10/2017,40706
638,A592UFM060F,01/11/2017,40739
639,A592UFM060F,02/11/2017,40870
640,A592UFM060F,03/11/2017,40877
641,A592UFM060F,07/11/2017,40803
642,A592UFM060F,08/11/2017,41031
643,A592UFM060F,09/11/2017,41622
644,A592UFM060F,10/11/2017,41698
645,A592UFM060F,13/11/2017,41956
646,A592UFM060F,14/11/2017,42066
647,A592UFM060F,15/11/2017,41733
648,A592UFM060F,16/11/2017,41419
649,A592UFM060F,17/11/2017,41435
650,A592UFM060F,20/11/2017,41623
651,A592UFM060F,21/11/2017,42025
652,A592UFM060F,22/11/2017,42443
653,A592UFM060F,23/11/2017,42633
654,A592UFM060F,24/11/2017,42642
655,A592UFM060F,27/11/2017,42708
656,A592UFM060F,28/11/2017,42833
657,A592UFM060F,29/11/2017,42839
658,A592UFM060F,30/11/2017,42907
659,A592UFM060F,01/12/2017,42980
660,A592UFM060F,04/12/2017,42971
661,A592UFM060F,05/12/2017,43130
662,A592UFM060F,06/12/2017,42722
663,A592UFM060F,07/12/2017,42521
664,A592UFM060F,08/12/2017,41513
665,A592UFM060F,11/12/2017,41517
666,A592UFM060F,12/12/2017,41047
667,A592UFM060F,13/12/2017,40542
668,A592UFM060F,14/12/2017,40110
669,A592UFM060F,15/12/2017,40208
670,A592UFM060F,18/12/2017,40864
671,A592UFM060F,19/12/2017,40125
672,A592UFM060F,20/12/2017,39734
673,A592UFM060F,21/12/2017,38792
674,A592UFM060F,22/12/2017,38802
675,A592UFM060F,09/01/2018,39396
676,A592UFM060F,10/01/2018,39865
677,A592UFM060F,11/01/2018,40241
678,A592UFM060F,12/01/2018,39853
679,A592UFM060F,15/01/2018,38923
680,A592UFM060F,16/01/2018,38240
681,A592UFM060F,17/01/2018,38313
682,A592UFM060F,18/01/2018,37865
683,A592UFM060F,19/01/2018,37484
684,A592UFM060F,22/01/2018,38082
685,A592UFM060F,23/01/2018,37933
686,A592UFM060F,24/01/2018,38057
687,A592UFM060F,25/01/2018,38612
688,A592UFM060F,26/01/2018,38720
689,A592UFM060F,29/01/2018,38093
690,A592UFM060F,30/01/2018,38000
691,A592UFM060F,31/01/2018,38106
692,A592UFM060F,01/02/2018,38699
693,A592UFM060F,02/02/2018,38517
694,A592UFM060F,05/02/2018,38349
695,A592UFM060F,06/02/2018,38644
696,A592UFM060F,07/02/2018,38887
697,A592UFM060F,08/02/2018,38606
698,A592UFM060F,09/02/2018,38547
699,A592UFM060F,12/02/2018,38600
700,A592UFM060F,13/02/2018,38921
701,A592UFM060F,14/02/2018,39161
702,A592UFM060F,15/02/2018,39202
703,A592UFM060F,16/02/2018,38940
704,A592UFM060F,19/02/2018,38920
705,A592UFM060F,20/02/2018,38979
706,A592UFM060F,21/02/2018,39558
707,A592UFM060F,22/02/2018,39624
708,A592UFM060F,26/02/2018,39144
709,A592UFM060F,27/02/2018,39137
710,A592UFM060F,28/02/2018,39193
711,A592UFM060F,01/03/2018,39221
712,A592UFM060F,02/03/2018,39376
713,A592UFM060F,05/03/2018,39555
714,A592UFM060F,06/03/2018,39515
715,A592UFM060F,07/03/2018,39694
716,A592UFM060F,12/03/2018,40066
717,A592UFM060F,13/03/2018,40206
718,A592UFM060F,14/03/2018,39922
719,A592UFM060F,15/03/2018,40023
720,A592UFM060F,16/03/2018,40601
721,A592UFM060F,19/03/2018,40707
722,A592UFM060F,20/03/2018,41105
723,A592UFM060F,21/03/2018,41003
724,A592UFM060F,22/03/2018,41335
725,A592UFM060F,23/03/2018,41980
726,A592UFM060F,26/03/2018,42006
727,A592UFM060F,27/03/2018,42713
728,A592UFM060F,28/03/2018,43325
729,A592UFM060F,29/03/2018,43298
730,A592UFM060F,30/03/2018,43034
731,A592UFM060F,02/04/2018,43436
732,A592UFM060F,03/04/2018,43926
733,A592UFM060F,04/04/2018,44403
734,A592UFM060F,05/04/2018,44335
735,A592UFM060F,06/04/2018,43781
736,A592UFM060F,09/04/2018,43626
737,A592UFM060F,10/04/2018,44564
738,A592UFM060F,11/04/2018,44829
739,A592UFM060F,12/04/2018,44967
740,A592UFM060F,13/04/2018,45039
741,A592UFM060F,16/04/2018,44746
742,A592UFM060F,17/04/2018,45004
743,A592UFM060F,18/04/2018,45362
744,A592UFM060F,19/04/2018,45370
745,A592UFM060F,20/04/2018,46048
746,A592UFM060F,23/04/2018,45897
747,A592UFM060F,24/04/2018,46870
748,A592UFM060F,25/04/2018,47373
749,A592UFM060F,26/04/2018,47918
750,A592UFM060F,27/04/2018,48608
751,A592UFM060F,28/04/2018,48204
752,A592UFM060F,03/05/2018,48758
753,A592UFM060F,04/05/2018,49116
754,A592UFM060F,07/05/2018,49947
755,A592UFM060F,08/05/2018,51026
756,A592UFM060F,10/05/2018,53001
757,A592UFM060F,11/05/2018,54271
758,A592UFM060F,14/05/2018,54794
759,A592UFM060F,15/05/2018,53003
760,A592UFM060F,16/05/2018,52803
761,A592UFM060F,17/05/2018,54575
762,A592UFM060F,18/05/2018,53918
763,A592UFM060F,21/05/2018,53340
764,A592UFM060F,22/05/2018,53311
765,A592UFM060F,23/05/2018,53199
766,A592UFM060F,24/05/2018,53942
767,A592UFM060F,25/05/2018,54763
768,A592UFM060F,28/05/2018,55089
769,A592UFM060F,29/05/2018,55059
770,A592UFM060F,30/05/2018,54472
771,A592UFM060F,31/05/2018,54248
772,A592UFM060F,01/06/2018,53072
773,A592UFM060F,04/06/2018,53001
774,A592UFM060F,05/06/2018,53645
775,A592UFM060F,06/06/2018,53320
776,A592UFM060F,07/06/2018,52543
777,A592UFM060F,08/06/2018,52405
778,A592UFM060F,09/06/2018,51362
779,A592UFM060F,13/06/2018,49652
780,A592UFM060F,14/06/2018,49719
781,A592UFM060F,15/06/2018,49979
782,A592UFM060F,18/06/2018,49611
783,A592UFM060F,19/06/2018,49312
784,A592UFM060F,20/06/2018,49205
785,A592UFM060F,21/06/2018,49370
786,A592UFM060F,22/06/2018,49644
787,A592UFM060F,25/06/2018,49703
788,A592UFM060F,26/06/2018,49905
789,A592UFM060F,27/06/2018,49932
790,A592UFM060F,28/06/2018,49142
791,A592UFM060F,29/06/2018,48131
792,A592UFM060F,02/07/2018,48470
793,A592UFM060F,03/07/2018,48395
794,A592UFM060F,04/07/2018,47579
795,A592UFM060F,05/07/2018,47322
796,A592UFM060F,06/07/2018,46970
797,A592UFM060F,09/07/2018,44974
798,A592UFM060F,10/07/2018,45535
799,A592UFM060F,11/07/2018,45646
800,A592UFM060F,12/07/2018,45311
801,A592UFM060F,13/07/2018,44838
802,A592UFM060F,16/07/2018,43992
803,A592UFM060F,17/07/2018,43552
804,A592UFM060F,18/07/2018,43339
805,A592UFM060F,19/07/2018,42874
806,A592UFM060F,20/07/2018,42268
807,A592UFM060F,23/07/2018,43054
808,A592UFM060F,24/07/2018,43733
809,A592UFM060F,25/07/2018,44334
810,A592UFM060F,26/07/2018,43440
811,A592UFM060F,27/07/2018,43013
812,A592UFM060F,30/07/2018,43050
813,A592UFM060F,31/07/2018,43189
814,A592UFM060F,01/08/2018,43554
815,A592UFM060F,02/08/2018,43391
816,A592UFM060F,03/08/2018,43158
817,A592UFM060F,06/08/2018,42967
818,A592UFM060F,07/08/2018,42681
819,A592UFM060F,08/08/2018,42596
820,A592UFM060F,09/08/2018,42404
821,A592UFM060F,10/08/2018,42455
822,A592UFM060F,13/08/2018,42580
823,A592UFM060F,14/08/2018,42968
824,A592UFM060F,15/08/2018,43410
825,A592UFM060F,16/08/2018,44217
826,A592UFM060F,17/08/2018,45471
827,A592UFM060F,20/08/2018,46846
828,A592UFM060F,21/08/2018,45086
829,A592UFM060F,22/08/2018,44822
830,A592UFM060F,23/08/2018,44763
831,A592UFM060F,24/08/2018,44613
832,A592UFM060F,27/08/2018,44741
833,A592UFM060F,28/08/2018,45257
834,A592UFM060F,29/08/2018,46761
835,A592UFM060F,30/08/2018,45704
836,A592UFM060F,31/08/2018,45603
837,A592UFM060F,03/09/2018,45923
838,A592UFM060F,04/09/2018,46628
839,A592UFM060F,05/09/2018,46783
840,A592UFM060F,06/09/2018,46875
841,A592UFM060F,07/09/2018,47358
842,A592UFM060F,10/09/2018,47481
843,A592UFM060F,11/09/2018,46895
844,A592UFM060F,12/09/2018,46971
845,A592UFM060F,13/09/2018,46676
846,A592UFM060F,14/09/2018,46625
847,A592UFM060F,17/09/2018,46871
848,A592UFM060F,18/09/2018,47797
849,A592UFM060F,19/09/2018,47166
850,A592UFM060F,20/09/2018,46806
851,A592UFM060F,21/09/2018,47742
852,A592UFM060F,24/09/2018,47525
853,A592UFM060F,25/09/2018,47862
854,A592UFM060F,26/09/2018,48345
855,A592UFM060F,27/09/2018,47687
856,A592UFM060F,28/09/2018,47794
857,A592UFM060F,01/10/2018,48075
858,A592UFM060F,02/10/2018,48451
859,A592UFM060F,03/10/2018,49019
860,A592UFM060F,04/10/2018,49098
861,A592UFM060F,05/10/2018,49106
862,A592UFM060F,08/10/2018,48908
863,A592UFM060F,09/10/2018,49454
864,A592UFM060F,10/10/2018,49609
865,A592UFM060F,11/10/2018,49611
866,A592UFM060F,12/10/2018,49266
867,A592UFM060F,15/10/2018,48957
868,A592UFM060F,16/10/2018,49217
869,A592UFM060F,17/10/2018,49684
870,A592UFM060F,18/10/2018,49754
871,A592UFM060F,19/10/2018,49997
872,A592UFM060F,22/10/2018,49717
873,A592UFM060F,23/10/2018,49783
874,A592UFM060F,24/10/2018,49628
875,A592UFM060F,25/10/2018,48848
876,A592UFM060F,26/10/2018,48947
877,A592UFM060F,29/10/2018,48820
878,A592UFM060F,30/10/2018,48920
879,A592UFM060F,31/10/2018,48824
880,A592UFM060F,01/11/2018,47466
881,A592UFM060F,02/11/2018,48578
882,A592UFM060F,06/11/2018,49493
883,A592UFM060F,07/11/2018,49643
884,A592UFM060F,08/11/2018,49202
885,A592UFM060F,09/11/2018,48641
886,A592UFM060F,12/11/2018,48678
887,A592UFM060F,13/11/2018,48790
888,A592UFM060F,14/11/2018,48002
889,A592UFM060F,15/11/2018,48002
890,A592UFM060F,16/11/2018,48002
891,A592UFM060F,19/11/2018,48002
892,A592UFM060F,20/11/2018,48002
893,A592UFM060F,27/11/2018,46750
894,A592UFM060F,28/11/2018,45690
895,A592UFM060F,29/11/2018,44665
896,A592UFM060F,30/11/2018,44202
897,A592UFM060F,03/12/2018,43519
898,A592UFM060F,04/12/2018,42876
899,A592UFM060F,05/12/2018,41241
900,A592UFM060F,06/12/2018,41422
901,A592UFM060F,07/12/2018,43170
902,A592UFM060F,10/12/2018,42055
903,A592UFM060F,11/12/2018,40793
904,A592UFM060F,12/12/2018,39869
905,A592UFM060F,13/12/2018,39348
906,A592UFM060F,14/12/2018,39118
907,A592UFM060F,17/12/2018,39142
908,A592UFM060F,18/12/2018,38540
909,A592UFM060F,19/12/2018,37627
910,A592UFM060F,20/12/2018,36454
911,A592UFM060F,21/12/2018,38262
912,A592UFM060F,24/12/2018,37339
913,A592UFM060F,09/01/2019,39306
914,A592UFM060F,10/01/2019,40952
915,A592UFM060F,11/01/2019,42284
916,A592UFM060F,14/01/2019,41697
917,A592UFM060F,15/01/2019,41096
918,A592UFM060F,16/01/2019,41076
919,A592UFM060F,17/01/2019,40835
920,A592UFM060F,18/01/2019,40021
921,A592UFM060F,21/01/2019,39568
922,A592UFM060F,22/01/2019,40251
923,A592UFM060F,23/01/2019,39784
924,A592UFM060F,24/01/2019,39896
925,A592UFM060F,25/01/2019,39900
926,A592UFM060F,28/01/2019,39989
927,A592UFM060F,29/01/2019,39522
928,A592UFM060F,30/01/2019,38952
929,A592UFM060F,31/01/2019,38536
930,A592UFM060F,01/02/2019,38796
931,A592UFM060F,04/02/2019,38525
932,A592UFM060F,05/02/2019,38278
933,A592UFM060F,06/02/2019,38291
934,A592UFM060F,07/02/2019,38520
935,A592UFM060F,08/02/2019,38773
936,A592UFM060F,11/02/2019,38293
937,A592UFM060F,12/02/2019,38101
938,A592UFM060F,13/02/2019,37833
939,A592UFM060F,14/02/2019,38174
940,A592UFM060F,15/02/2019,38904
941,A592UFM060F,18/02/2019,39245
942,A592UFM060F,19/02/2019,40205
943,A592UFM060F,20/02/2019,40365
944,A592UFM060F,21/02/2019,39177
945,A592UFM060F,22/02/2019,38783
946,A592UFM060F,25/02/2019,38800
947,A592UFM060F,26/02/2019,38701
948,A592UFM060F,27/02/2019,38662
949,A592UFM060F,28/02/2019,38208
950,A592UFM060F,01/03/2019,38036
951,A592UFM060F,04/03/2019,37639
952,A592UFM060F,05/03/2019,37745
953,A592UFM060F,06/03/2019,38191
954,A592UFM060F,07/03/2019,38328
955,A592UFM060F,11/03/2019,37949
956,A592UFM060F,12/03/2019,37658
957,A592UFM060F,13/03/2019,37850
958,A592UFM060F,14/03/2019,38108
959,A592UFM060F,15/03/2019,38773
960,A592UFM060F,18/03/2019,38432
961,A592UFM060F,19/03/2019,38151
962,A592UFM060F,20/03/2019,37928
963,A592UFM060F,21/03/2019,38433
964,A592UFM060F,22/03/2019,38162
965,A592UFM060F,25/03/2019,37931
966,A592UFM060F,26/03/2019,37650
967,A592UFM060F,27/03/2019,37219
968,A592UFM060F,28/03/2019,37442
969,A592UFM060F,29/03/2019,37502
970,A592UFM060F,01/04/2019,37350
971,A592UFM060F,02/04/2019,37380
972,A592UFM060F,03/04/2019,37889
973,A592UFM060F,04/04/2019,38027
974,A592UFM060F,05/04/2019,38379
975,A592UFM060F,08/04/2019,38350
976,A592UFM060F,09/04/2019,37719
977,A592UFM060F,10/04/2019,37362
978,A592UFM060F,11/04/2019,37270
979,A592UFM060F,12/04/2019,37206
980,A592UFM060F,15/04/2019,37023
981,A592UFM060F,16/04/2019,37152
982,A592UFM060F,17/04/2019,37363
983,A592UFM060F,18/04/2019,38549
984,A592UFM060F,19/04/2019,38219
985,A592UFM060F,22/04/2019,38201
986,A592UFM060F,23/04/2019,38506
987,A592UFM060F,24/04/2019,39983
988,A592UFM060F,25/04/2019,40853
989,A592UFM060F,26/04/2019,41179
990,A592UFM060F,29/04/2019,42210
991,A592UFM060F,30/04/2019,42331
992,A592UFM060F,06/05/2019,42372
993,A592UFM060F,07/05/2019,42690
994,A592UFM060F,08/05/2019,43312
995,A592UFM060F,13/05/2019,44146
996,A592UFM060F,14/05/2019,46325
997,A592UFM060F,15/05/2019,49683
998,A592UFM060F,16/05/2019,47280
999,A592UFM060F,17/05/2019,46958
1000,A592UFM060F,20/05/2019,48059
1001,A592UFM060F,21/05/2019,48776
1002,A592UFM060F,22/05/2019,49208
1003,A592UFM060F,23/05/2019,48346
1004,A592UFM060F,24/05/2019,48396
1005,A592UFM060F,27/05/2019,47507
1006,A592UFM060F,28/05/2019,47755
1007,A592UFM060F,29/05/2019,47218
1008,A592UFM060F,30/05/2019,47106
1009,A592UFM060F,31/05/2019,47228
1010,A592UFM060F,03/06/2019,47347
1011,A592UFM060F,04/06/2019,47100
1012,A592UFM060F,05/06/2019,46852
1013,A592UFM060F,06/06/2019,46781
1014,A592UFM060F,07/06/2019,46890
1015,A592UFM060F,10/06/2019,46889
1016,A592UFM060F,11/06/2019,46911
1017,A592UFM060F,13/06/2019,46704
1018,A592UFM060F,14/06/2019,46471
1019,A592UFM060F,17/06/2019,46012
1020,A592UFM060F,18/06/2019,45784
1021,A592UFM060F,19/06/2019,45765
1022,A592UFM060F,20/06/2019,46217
1023,A592UFM060F,21/06/2019,46466
1024,A592UFM060F,24/06/2019,46114
1025,A592UFM060F,25/06/2019,46013
1026,A592UFM060F,26/06/2019,46283
1027,A592UFM060F,27/06/2019,46439
1028,A592UFM060F,28/06/2019,46365
1029,A592UFM060F,01/07/2019,46317
1030,A592UFM060F,02/07/2019,46234
1031,A592UFM060F,03/07/2019,46234
1032,A592UFM060F,04/07/2019,46131
1033,A592UFM060F,05/07/2019,46028
1034,A592UFM060F,08/07/2019,45835
1035,A592UFM060F,09/07/2019,45325
1036,A592UFM060F,10/07/2019,45042
1037,A592UFM060F,11/07/2019,45071
1038,A592UFM060F,12/07/2019,45516
1039,A592UFM060F,15/07/2019,45340
1040,A592UFM060F,16/07/2019,44955
1041,A592UFM060F,17/07/2019,44828
1042,A592UFM060F,18/07/2019,44984
1043,A592UFM060F,19/07/2019,45197
1044,A592UFM060F,22/07/2019,45091
1045,A592UFM060F,23/07/2019,44754
1046,A592UFM060F,24/07/2019,43842
1047,A592UFM060F,25/07/2019,43579
1048,A592UFM060F,26/07/2019,44351
1049,A592UFM060F,29/07/2019,43868
1050,A592UFM060F,30/07/2019,43990
1051,A592UFM060F,31/07/2019,43747
1052,A592UFM060F,01/08/2019,43341
1053,A592UFM060F,02/08/2019,42880
1054,A592UFM060F,05/08/2019,42855
1055,A592UFM060F,06/08/2019,43463
1056,A592UFM060F,07/08/2019,43206
1057,A592UFM060F,08/08/2019,42990
1058,A592UFM060F,09/08/2019,42531
1059,A592UFM060F,12/08/2019,42200
1060,A592UFM060F,13/08/2019,42191
1061,A592UFM060F,14/08/2019,42810
1062,A592UFM060F,15/08/2019,42614
1063,A592UFM060F,16/08/2019,42461
1064,A592UFM060F,19/08/2019,42405
1065,A592UFM060F,20/08/2019,43894
1066,A592UFM060F,21/08/2019,44282
1067,A592UFM060F,22/08/2019,44197
1068,A592UFM060F,23/08/2019,43848
1069,A592UFM060F,26/08/2019,44220
1070,A592UFM060F,27/08/2019,45383
1071,A592UFM060F,28/08/2019,46009
1072,A592UFM060F,29/08/2019,45475
1073,A592UFM060F,30/08/2019,45540
1074,A592UFM060F,02/09/2019,45740
1075,A592UFM060F,03/09/2019,46555
1076,A592UFM060F,04/09/2019,46163
1077,A592UFM060F,05/09/2019,45825
1078,A592UFM060F,06/09/2019,45815
1079,A592UFM060F,09/09/2019,45172
1080,A592UFM060F,10/09/2019,45168
1081,A592UFM060F,11/09/2019,44661
1082,A592UFM060F,12/09/2019,44656
1083,A592UFM060F,13/09/2019,44283
1084,A592UFM060F,16/09/2019,44870
1085,A592UFM060F,17/09/2019,44846
1086,A592UFM060F,18/09/2019,44933
1087,A592UFM060F,19/09/2019,44642
1088,A592UFM060F,20/09/2019,44412
1089,A592UFM060F,23/09/2019,44369
1090,A592UFM060F,24/09/2019,44206
1091,A592UFM060F,25/09/2019,44976
1092,A592UFM060F,26/09/2019,44858
1093,A592UFM060F,27/09/2019,44514
1094,A592UFM060F,30/09/2019,44540
1095,A592UFM060F,01/10/2019,44466
1096,A592UFM060F,02/10/2019,44408
1097,A592UFM060F,03/10/2019,44438
1098,A592UFM060F,04/10/2019,44608
1099,A592UFM060F,07/10/2019,44637
1100,A592UFM060F,08/10/2019,44689
1101,A592UFM060F,09/10/2019,44533
1102,A592UFM060F,10/10/2019,44245
1103,A592UFM060F,11/10/2019,44326
1104,A592UFM060F,14/10/2019,44581
1105,A592UFM060F,15/10/2019,44859
1106,A592UFM060F,16/10/2019,44270
1107,A592UFM060F,17/10/2019,44198
1108,A592UFM060F,18/10/2019,44158
1109,A592UFM060F,21/10/2019,44120
1110,A592UFM060F,22/10/2019,44425
1111,A592UFM060F,23/10/2019,44997
1112,A592UFM060F,24/10/2019,44520
1113,A592UFM060F,25/10/2019,44205
1114,A592UFM060F,28/10/2019,44271
1115,A592UFM060F,29/10/2019,44449
1116,A592UFM060F,30/10/2019,44576
1117,A592UFM060F,31/10/2019,44718
1118,A592UFM060F,01/11/2019,45043
1119,A592UFM060F,05/11/2019,45108
1120,A592UFM060F,06/11/2019,44810
1121,A592UFM060F,07/11/2019,44793
1122,A592UFM060F,08/11/2019,44926
1123,A592UFM060F,11/11/2019,44524
1124,A592UFM060F,12/11/2019,44187
1125,A592UFM060F,13/11/2019,43597
1126,A592UFM060F,14/11/2019,43358
1127,A592UFM060F,15/11/2019,43067
1128,A592UFM060F,18/11/2019,43083
1129,A592UFM060F,19/11/2019,43108
1130,A592UFM060F,20/11/2019,42988
1131,A592UFM060F,21/11/2019,42377
1132,A592UFM060F,22/11/2019,41194
1133,A592UFM060F,25/11/2019,40218
1134,A592UFM060F,26/11/2019,40150
1135,A592UFM060F,27/11/2019,40849
1136,A592UFM060F,28/11/2019,40398
1137,A592UFM060F,29/11/2019,40309
1138,A592UFM060F,02/12/2019,40888
1139,A592UFM060F,03/12/2019,41796
1140,A592UFM060F,04/12/2019,42393
1141,A592UFM060F,05/12/2019,41445
1142,A592UFM060F,06/12/2019,41030
1143,A592UFM060F,09/12/2019,41270
1144,A592UFM060F,10/12/2019,41963
1145,A592UFM060F,11/12/2019,41524
1146,A592UFM060F,12/12/2019,40904
1147,A592UFM060F,13/12/2019,40688
1148,A592UFM060F,16/12/2019,41280
1149,A592UFM060F,17/12/2019,41250
1150,A592UFM060F,18/12/2019,42183
1151,A592UFM060F,19/12/2019,41742
1152,A592UFM060F,20/12/2019,42045
1153,A592UFM060F,23/12/2019,43621
1154,A592UFM060F,24/12/2019,43636
1155,A592UFM060F,09/01/2020,44112
1156,A592UFM060F,10/01/2020,44949
1157,A592UFM060F,13/01/2020,44300
1158,A592UFM060F,14/01/2020,43658
1159,A592UFM060F,15/01/2020,44425
1160,A592UFM060F,16/01/2020,45131
1161,A592UFM060F,17/01/2020,45215
1162,A592UFM060F,20/01/2020,44884
1163,A592UFM060F,21/01/2020,44934
1164,A592UFM060F,22/01/2020,44795
1165,A592UFM060F,23/01/2020,44256
1166,A592UFM060F,24/01/2020,44085
1167,A592UFM060F,27/01/2020,43988
1168,A592UFM060F,28/01/2020,44187
1169,A592UFM060F,29/01/2020,44287
1170,A592UFM060F,30/01/2020,44379
1171,A592UFM060F,31/01/2020,44314
1172,A592UFM060F,03/02/2020,43874
1173,A592UFM060F,04/02/2020,43357
1174,A592UFM060F,05/02/2020,43181
1175,A592UFM060F,06/02/2020,43105
1176,A592UFM060F,07/02/2020,43189
1177,A592UFM060F,10/02/2020,43474
1178,A592UFM060F,11/02/2020,44027
1179,A592UFM060F,12/02/2020,44008
1180,A592UFM060F,13/02/2020,44626
1181,A592UFM060F,14/02/2020,44705
1182,A592UFM060F,17/02/2020,44416
1183,A592UFM060F,18/02/2020,44421
1184,A592UFM060F,19/02/2020,44770
1185,A592UFM060F,20/02/2020,45555
1186,A592UFM060F,21/02/2020,46640
1187,A592UFM060F,25/02/2020,46411
1188,A592UFM060F,26/02/2020,46234
1189,A592UFM060F,27/02/2020,46454
1190,A592UFM060F,28/02/2020,46425
1191,A592UFM060F,02/03/2020,45952
1192,A592UFM060F,03/03/2020,45928
1193,A592UFM060F,04/03/2020,46043
1194,A592UFM060F,05/03/2020,45361
1195,A592UFM060F,06/03/2020,44813
1196,A592UFM060F,10/03/2020,42923
1197,A592UFM060F,11/03/2020,43978
1198,A592UFM060F,12/03/2020,43569
1199,A592UFM060F,13/03/2020,43205
1200,A592UFM060F,16/03/2020,43255
1201,A592UFM060F,17/03/2020,42671
1202,A592UFM060F,18/03/2020,41803
1203,A592UFM060F,19/03/2020,40039
1204,A592UFM060F,20/03/2020,41030
1205,A592UFM060F,23/03/2020,40163
1206,A592UFM060F,24/03/2020,40804
1207,A592UFM060F,25/03/2020,42014
1208,A592UFM060F,26/03/2020,43050
1209,A592UFM060F,27/03/2020,41905
1210,A592UFM060F,30/03/2020,40349
1211,A592UFM060F,31/03/2020,40539
1212,A592UFM060F,01/04/2020,39001
1213,A592UFM060F,02/04/2020,37590
1214,A592UFM060F,03/04/2020,37726
1215,A592UFM060F,06/04/2020,37726
1216,A592UFM060F,07/04/2020,38158
1217,A592UFM060F,08/04/2020,38254
1218,A592UFM060F,09/04/2020,38344
1219,A592UFM060F,10/04/2020,38781
1220,A592UFM060F,13/04/2020,38862
1221,A592UFM060F,14/04/2020,38473
1222,A592UFM060F,15/04/2020,38473
1223,A592UFM060F,16/04/2020,38473
1224,A592UFM060F,17/04/2020,35353
1225,A592UFM060F,20/04/2020,35155
1226,A592UFM060F,21/04/2020,35793
1227,A592UFM060F,22/04/2020,36343
1228,A592UFM060F,23/04/2020,37019
1229,A592UFM060F,24/04/2020,37513
1230,A592UFM060F,27/04/2020,39127
1231,A592UFM060F,28/04/2020,40806
1232,A592UFM060F,29/04/2020,40041
1233,A592UFM060F,30/04/2020,39355
1234,A592UFM060F,06/05/2020,39273
1235,A592UFM060F,07/05/2020,39000
1236,A592UFM060F,08/05/2020,40212
1237,A592UFM060F,12/05/2020,42238
1238,A592UFM060F,13/05/2020,44928
1239,A592UFM060F,14/05/2020,43251
1240,A592UFM060F,15/05/2020,43451
1241,A592UFM060F,18/05/2020,45724
1242,A592UFM060F,19/05/2020,46754
1243,A592UFM060F,20/05/2020,46877
1244,A592UFM060F,21/05/2020,46776
1245,A592UFM060F,22/05/2020,45991
1246,A592UFM060F,25/05/2020,45838
1247,A592UFM060F,26/05/2020,46355
1248,A592UFM060F,27/05/2020,47332
1249,A592UFM060F,28/05/2020,48210
1250,A592UFM060F,29/05/2020,49045
1251,A592UFM060F,01/06/2020,48569
1252,A592UFM060F,02/06/2020,48021
1253,A592UFM060F,03/06/2020,49287
1254,A592UFM060F,04/06/2020,48237
1255,A592UFM060F,05/06/2020,47956
1256,A592UFM060F,08/06/2020,48506
1257,A592UFM060F,09/06/2020,49531
1258,A592UFM060F,10/06/2020,49403
1259,A592UFM060F,11/06/2020,48813
1260,A592UFM060F,15/06/2020,48601
1261,A592UFM060F,16/06/2020,48677
1262,A592UFM060F,17/06/2020,49289
1263,A592UFM060F,18/06/2020,50899
1264,A592UFM060F,19/06/2020,49515
1265,A592UFM060F,22/06/2020,49357
1266,A592UFM060F,23/06/2020,49365
1267,A592UFM060F,25/06/2020,49679
1268,A592UFM060F,26/06/2020,49716
1269,A592UFM060F,29/06/2020,49639
1270,A592UFM060F,30/06/2020,49598
1271,A592UFM060F,02/07/2020,49834
1272,A592UFM060F,03/07/2020,50484
1273,A592UFM060F,06/07/2020,49846
1274,A592UFM060F,07/07/2020,49824
1275,A592UFM060F,08/07/2020,49390
1276,A592UFM060F,09/07/2020,49433
1277,A592UFM060F,10/07/2020,49271
1278,A592UFM060F,13/07/2020,48877
1279,A592UFM060F,14/07/2020,49483
1280,A592UFM060F,15/07/2020,49551
1281,A592UFM060F,16/07/2020,49310
1282,A592UFM060F,17/07/2020,49059
1283,A592UFM060F,20/07/2020,49250
1284,A592UFM060F,21/07/2020,49858
1285,A592UFM060F,22/07/2020,50224
1286,A592UFM060F,23/07/2020,50538
1287,A592UFM060F,24/07/2020,49814
1288,A592UFM060F,27/07/2020,49892
1289,A592UFM060F,28/07/2020,50473
1290,A592UFM060F,29/07/2020,50738
1291,A592UFM060F,30/07/2020,50842
1292,A592UFM060F,31/07/2020,50186
1293,A592UFM060F,03/08/2020,49708
1294,A592UFM060F,04/08/2020,49475
1295,A592UFM060F,05/08/2020,49066
1296,A592UFM060F,06/08/2020,48233
1297,A592UFM060F,07/08/2020,48011
1298,A592UFM060F,10/08/2020,48683
1299,A592UFM060F,11/08/2020,47960
1300,A592UFM060F,12/08/2020,47422
1301,A592UFM060F,13/08/2020,47542
1302,A592UFM060F,14/08/2020,48085
1303,A592UFM060F,17/08/2020,48140
1304,A592UFM060F,18/08/2020,47548
1305,A592UFM060F,19/08/2020,47883
1306,A592UFM060F,20/08/2020,48109
1307,A592UFM060F,21/08/2020,48823
1308,A592UFM060F,24/08/2020,49952
1309,A592UFM060F,25/08/2020,50149
1310,A592UFM060F,26/08/2020,50374
1311,A592UFM060F,27/08/2020,49825
1312,A592UFM060F,28/08/2020,49367
1313,A592UFM060F,31/08/2020,48603
1314,A592UFM060F,01/09/2020,48476
1315,A592UFM060F,02/09/2020,48660
1316,A592UFM060F,03/09/2020,48812
1317,A592UFM060F,04/09/2020,48528
1318,A592UFM060F,07/09/2020,48211
1319,A592UFM060F,08/09/2020,47765
1320,A592UFM060F,09/09/2020,47431
1321,A592UFM060F,10/09/2020,47070
1322,A592UFM060F,11/09/2020,47038
1323,A592UFM060F,14/09/2020,47171
1324,A592UFM060F,15/09/2020,46622
1325,A592UFM060F,16/09/2020,46684
1326,A592UFM060F,17/09/2020,46100
1327,A592UFM060F,18/09/2020,45741
1328,A592UFM060F,21/09/2020,45632
1329,A592UFM060F,22/09/2020,45298
1330,A592UFM060F,23/09/2020,44518
1331,A592UFM060F,24/09/2020,44666
1332,A592UFM060F,25/09/2020,45194
1333,A592UFM060F,28/09/2020,45425
1334,A592UFM060F,29/09/2020,46292
1335,A592UFM060F,30/09/2020,47079
1336,A592UFM060F,01/10/2020,46527
1337,A592UFM060F,02/10/2020,46003
1338,A592UFM060F,05/10/2020,45029
1339,A592UFM060F,06/10/2020,45070
1340,A592UFM060F,07/10/2020,45008
1341,A592UFM060F,08/10/2020,45014
1342,A592UFM060F,09/10/2020,45727
1343,A592UFM060F,12/10/2020,45912
1344,A592UFM060F,13/10/2020,45988
1345,A592UFM060F,14/10/2020,46026
1346,A592UFM060F,15/10/2020,45651
1347,A592UFM060F,16/10/2020,45799
1348,A592UFM060F,19/10/2020,46072
1349,A592UFM060F,20/10/2020,46269
1350,A592UFM060F,21/10/2020,46481
1351,A592UFM060F,22/10/2020,46229
1352,A592UFM060F,23/10/2020,46085
1353,A592UFM060F,26/10/2020,46169
1354,A592UFM060F,27/10/2020,46350
1355,A592UFM060F,28/10/2020,46502
1356,A592UFM060F,29/10/2020,46530
1357,A592UFM060F,30/10/2020,46369
1358,A592UFM060F,02/11/2020,46202
1359,A592UFM060F,03/11/2020,46229
1360,A592UFM060F,05/11/2020,46506
1361,A592UFM060F,06/11/2020,46678
1362,A592UFM060F,09/11/2020,46339
1363,A592UFM060F,10/11/2020,46363
1364,A592UFM060F,11/11/2020,45784
1365,A592UFM060F,12/11/2020,45504
1366,A592UFM060F,13/11/2020,45261
1367,A592UFM060F,16/11/2020,44606
1368,A592UFM060F,17/11/2020,44529
1369,A592UFM060F,18/11/2020,44662
1370,A592UFM060F,19/11/2020,44347
1371,A592UFM060F,20/11/2020,44409
1372,A592UFM060F,23/11/2020,44342
1373,A592UFM060F,24/11/2020,44349
1374,A592UFM060F,25/11/2020,44108
1375,A592UFM060F,26/11/2020,44051
1376,A592UFM060F,27/11/2020,44193
1377,A592UFM060F,30/11/2020,44424
1378,A592UFM060F,01/12/2020,44159
1379,A592UFM060F,02/12/2020,44053
1380,A592UFM060F,03/12/2020,44176
1381,A592UFM060F,04/12/2020,44389
1382,A592UFM060F,07/12/2020,44348
1383,A592UFM060F,08/12/2020,44001
1384,A592UFM060F,09/12/2020,43507
1385,A592UFM060F,10/12/2020,43155
1386,A592UFM060F,11/12/2020,42774
1387,A592UFM060F,14/12/2020,42649
1388,A592UFM060F,15/12/2020,43003
1389,A592UFM060F,16/12/2020,43994
1390,A592UFM060F,17/12/2020,43840
1391,A592UFM060F,18/12/2020,43720
1392,A592UFM060F,21/12/2020,43791
1393,A592UFM060F,22/12/2020,45032
1394,A592UFM060F,23/12/2020,46514
1395,A592UFM060F,24/12/2020,47239
1396,A592UFM060F,11/01/2021,48236
1397,A592UFM060F,12/01/2021,49451
1398,A592UFM060F,13/01/2021,51031
1399,A592UFM060F,14/01/2021,49734
1400,A592UFM060F,15/01/2021,49797
1401,A592UFM060F,18/01/2021,50485
1402,A592UFM060F,19/01/2021,50576
1403,A592UFM060F,20/01/2021,51832
1404,A592UFM060F,21/01/2021,52136
1405,A592UFM060F,22/01/2021,51758
1406,A592UFM060F,25/01/2021,51120
1407,A592UFM060F,26/01/2021,50343
1408,A592UFM060F,27/01/2021,50059
1409,A592UFM060F,28/01/2021,50098
1410,A592UFM060F,29/01/2021,50282
1411,A592UFM060F,01/02/2021,50485
1412,A592UFM060F,02/02/2021,50928
1413,A592UFM060F,03/02/2021,50895
1414,A592UFM060F,04/02/2021,50589
1415,A592UFM060F,05/02/2021,50324
1416,A592UFM060F,08/02/2021,50515
1417,A592UFM060F,09/02/2021,50553
1418,A592UFM060F,10/02/2021,50343
1419,A592UFM060F,11/02/2021,50072
1420,A592UFM060F,12/02/2021,49982
1421,A592UFM060F,15/02/2021,49882
1422,A592UFM060F,16/02/2021,49933
1423,A592UFM060F,17/02/2021,50169
1424,A592UFM060F,18/02/2021,50646
1425,A592UFM060F,19/02/2021,51452
1426,A592UFM060F,20/02/2021,51721
1427,A592UFM060F,24/02/2021,51843
1428,A592UFM060F,25/02/2021,51893
1429,A592UFM060F,26/02/2021,51772
1430,A592UFM060F,01/03/2021,51974
1431,A592UFM060F,02/03/2021,52188
1432,A592UFM060F,03/03/2021,52380
1433,A592UFM060F,04/03/2021,53096
1434,A592UFM060F,05/03/2021,53333
1435,A592UFM060F,09/03/2021,53642
1436,A592UFM060F,10/03/2021,53670
1437,A592UFM060F,11/03/2021,53609
1438,A592UFM060F,12/03/2021,53075
1439,A592UFM060F,15/03/2021,52547
1440,A592UFM060F,16/03/2021,52334
1441,A592UFM060F,17/03/2021,52112
1442,A592UFM060F,18/03/2021,52834
1443,A592UFM060F,19/03/2021,52811
1444,A592UFM060F,22/03/2021,52539
1445,A592UFM060F,23/03/2021,52969
1446,A592UFM060F,24/03/2021,53545
1447,A592UFM060F,25/03/2021,53671
1448,A592UFM060F,26/03/2021,52950
1449,A592UFM060F,29/03/2021,52354
1450,A592UFM060F,30/03/2021,52940
1451,A592UFM060F,31/03/2021,52657
1452,A592UFM060F,01/04/2021,52630
1453,A592UFM060F,02/04/2021,52715
1454,A592UFM060F,05/04/2021,52455
1455,A592UFM060F,06/04/2021,52245
1456,A592UFM060F,07/04/2021,52517
1457,A592UFM060F,08/04/2021,52368
1458,A592UFM060F,09/04/2021,52235
1459,A592UFM060F,12/04/2021,52060
1460,A592UFM060F,13/04/2021,51589
1461,A592UFM060F,14/04/2021,51284
1462,A592UFM060F,15/04/2021,52041
1463,A592UFM060F,16/04/2021,52072
1464,A592UFM060F,19/04/2021,52180
1465,A592UFM060F,20/04/2021,52466
1466,A592UFM060F,21/04/2021,51978
1467,A592UFM060F,22/04/2021,51714
1468,A592UFM060F,23/04/2021,51305
1469,A592UFM060F,26/04/2021,51944
1470,A592UFM060F,27/04/2021,51316
1471,A592UFM060F,28/04/2021,51037
1472,A592UFM060F,29/04/2021,51521
1473,A592UFM060F,30/04/2021,51449
1474,A592UFM060F,04/05/2021,51059
1475,A592UFM060F,05/05/2021,51017
1476,A592UFM060F,06/05/2021,51339
1477,A592UFM060F,07/05/2021,51249
1478,A592UFM060F,11/05/2021,51191
1479,A592UFM060F,12/05/2021,51387
1480,A592UFM060F,13/05/2021,51565
1481,A592UFM060F,14/05/2021,51454
1482,A592UFM060F,17/05/2021,51734
1483,A592UFM060F,18/05/2021,52211
1484,A592UFM060F,19/05/2021,52318
1485,A592UFM060F,20/05/2021,52027
1486,A592UFM060F,21/05/2021,52142
1487,A592UFM060F,24/05/2021,52457
1488,A592UFM060F,25/05/2021,52926
1489,A592UFM060F,26/05/2021,52844
1490,A592UFM060F,27/05/2021,52610
1491,A592UFM060F,28/05/2021,52804
1492,A592UFM060F,31/05/2021,52850
1493,A592UFM060F,01/06/2021,53013
1494,A592UFM060F,02/06/2021,53040
1495,A592UFM060F,03/06/2021,53267
1496,A592UFM060F,04/06/2021,53307
1497,A592UFM060F,07/06/2021,53031
1498,A592UFM060F,08/06/2021,53022
1499,A592UFM060F,09/06/2021,53078
1500,A592UFM060F,10/06/2021,53340
1501,A592UFM060F,11/06/2021,53113
1502,A592UFM060F,15/06/2021,53368
1503,A592UFM060F,16/06/2021,53855
1504,A592UFM060F,17/06/2021,53463
1505,A592UFM060F,18/06/2021,53211
1506,A592UFM060F,21/06/2021,53185
1507,A592UFM060F,22/06/2021,53361
1508,A592UFM060F,23/06/2021,53702
1509,A592UFM060F,24/06/2021,53812
1510,A592UFM060F,25/06/2021,53267
1511,A592UFM060F,28/06/2021,53243
1512,A592UFM060F,29/06/2021,53352
1513,A592UFM060F,30/06/2021,53281
1514,A592UFM060F,01/07/2021,53522
1515,A592UFM060F,02/07/2021,53660
1516,A592UFM060F,05/07/2021,53716
1517,A592UFM060F,06/07/2021,54126
1518,A592UFM060F,07/07/2021,54223
1519,A592UFM060F,08/07/2021,54167
1520,A592UFM060F,09/07/2021,54443
1521,A592UFM060F,12/07/2021,54587
1522,A592UFM060F,13/07/2021,55170
1523,A592UFM060F,14/07/2021,54955
1524,A592UFM060F,15/07/2021,54878
1525,A592UFM060F,16/07/2021,55042
1526,A592UFM060F,19/07/2021,55426
1527,A592UFM060F,20/07/2021,55881
1528,A592UFM060F,21/07/2021,56468
1529,A592UFM060F,22/07/2021,56569
1530,A592UFM060F,23/07/2021,56096
1531,A592UFM060F,26/07/2021,56024
1532,A592UFM060F,27/07/2021,55815
1533,A592UFM060F,28/07/2021,55924
1534,A592UFM060F,29/07/2021,56495
1535,A592UFM060F,30/07/2021,56234
1536,A592UFM060F,02/08/2021,56523
1537,A592UFM060F,03/08/2021,56677
1538,A592UFM060F,04/08/2021,56665
1539,A592UFM060F,05/08/2021,56285
1540,A592UFM060F,06/08/2021,56071
1541,A592UFM060F,09/08/2021,56590
1542,A592UFM060F,10/08/2021,56559
1543,A592UFM060F,11/08/2021,57174
1544,A592UFM060F,12/08/2021,57432
1545,A592UFM060F,13/08/2021,57852
1546,A592UFM060F,16/08/2021,56884
1547,A592UFM060F,17/08/2021,56606
1548,A592UFM060F,18/08/2021,56640
1549,A592UFM060F,19/08/2021,56418
1550,A592UFM060F,20/08/2021,56331
1551,A592UFM060F,23/08/2021,56059
1552,A592UFM060F,24/08/2021,55916
1553,A592UFM060F,25/08/2021,55813
1554,A592UFM060F,26/08/2021,55948
1555,A592UFM060F,27/08/2021,55879
1556,A592UFM060F,30/08/2021,55614
1557,A592UFM060F,31/08/2021,55606
1558,A592UFM060F,01/09/2021,55841
1559,A592UFM060F,02/09/2021,55305
1560,A592UFM060F,03/09/2021,55077
1561,A592UFM060F,06/09/2021,54625
1562,A592UFM060F,07/09/2021,54438
1563,A592UFM060F,08/09/2021,54173
1564,A592UFM060F,09/09/2021,53668
1565,A592UFM060F,10/09/2021,53341
1566,A592UFM060F,13/09/2021,53009
1567,A592UFM060F,14/09/2021,53039
1568,A592UFM060F,15/09/2021,53724
1569,A592UFM060F,16/09/2021,54339
1570,A592UFM060F,17/09/2021,54534
1571,A592UFM060F,20/09/2021,54590
1572,A592UFM060F,21/09/2021,55043
1573,A592UFM060F,22/09/2021,55195
1574,A592UFM060F,23/09/2021,55675
1575,A592UFM060F,24/09/2021,55894
1576,A592UFM060F,27/09/2021,56202
1577,A592UFM060F,28/09/2021,55958
1578,A592UFM060F,29/09/2021,56124
1579,A592UFM060F,30/09/2021,56748
1580,A592UFM060F,01/10/2021,56205
1581,A592UFM060F,04/10/2021,56289
1582,A592UFM060F,05/10/2021,56381
1583,A592UFM060F,06/10/2021,56212
1584,A592UFM060F,07/10/2021,55403
1585,A592UFM060F,08/10/2021,54848
1586,A592UFM060F,11/10/2021,54883
1587,A592UFM060F,12/10/2021,54995
1588,A592UFM060F,13/10/2021,55555
1589,A592UFM060F,14/10/2021,55301
1590,A592UFM060F,15/10/2021,54671
1591,A592UFM060F,18/10/2021,53933
1592,A592UFM060F,19/10/2021,53830
1593,A592UFM060F,20/10/2021,53943
1594,A592UFM060F,21/10/2021,53775
1595,A592UFM060F,22/10/2021,52922
1596,A592UFM060F,25/10/2021,52303
1597,A592UFM060F,26/10/2021,51708
1598,A592UFM060F,27/10/2021,52323
1599,A592UFM060F,28/10/2021,52512
1600,A592UFM060F,29/10/2021,52130
1601,A592UFM060F,01/11/2021,52117
1602,A592UFM060F,02/11/2021,52685
1603,A592UFM060F,03/11/2021,52827
1604,A592UFM060F,08/11/2021,52418
1605,A592UFM060F,09/11/2021,52309
1606,A592UFM060F,10/11/2021,52405
1607,A592UFM060F,11/11/2021,51841
1608,A592UFM060F,12/11/2021,51238
1609,A592UFM060F,15/11/2021,50358
1610,A592UFM060F,16/11/2021,49443
1611,A592UFM060F,17/11/2021,48914
1612,A592UFM060F,18/11/2021,50004
1613,A592UFM060F,19/11/2021,49536
1614,A592UFM060F,22/11/2021,49195
1615,A592UFM060F,23/11/2021,48358
1616,A592UFM060F,24/11/2021,48571
1617,A592UFM060F,25/11/2021,49192
1618,A592UFM060F,26/11/2021,48791
1619,A592UFM060F,29/11/2021,48191
1620,A592UFM060F,30/11/2021,47331
1621,A592UFM060F,01/12/2021,46885
1622,A592UFM060F,02/12/2021,46761
1623,A592UFM060F,03/12/2021,47686
1624,A592UFM060F,06/12/2021,48117
1625,A592UFM060F,07/12/2021,49394
1626,A592UFM060F,08/12/2021,48460
1627,A592UFM060F,09/12/2021,47590
1628,A592UFM060F,10/12/2021,47049
1629,A592UFM060F,13/12/2021,46766
1630,A592UFM060F,14/12/2021,47469
1631,A592UFM060F,15/12/2021,46988
1632,A592UFM060F,16/12/2021,46925
1633,A592UFM060F,17/12/2021,47016
1634,A592UFM060F,20/12/2021,47654
1635,A592UFM060F,21/12/2021,47464
1636,A592UFM060F,22/12/2021,47477
1637,A592UFM060F,23/12/2021,47564
1638,A592UFM060F,24/12/2021,47053
1639,A592UFM060F,27/12/2021,48053
1640,A592UFM060F,10/01/2022,49171
1641,A592UFM060F,11/01/2022,48766
1642,A592UFM060F,12/01/2022,49491
1643,A592UFM060F,13/01/2022,50528
1644,A592UFM060F,14/01/2022,51527
1645,A592UFM060F,17/01/2022,50806
1646,A592UFM060F,18/01/2022,50350
1647,A592UFM060F,19/01/2022,50761
1648,A592UFM060F,20/01/2022,50988
1649,A592UFM060F,21/01/2022,50747
1650,A592UFM060F,24/01/2022,50683
1651,A592UFM060F,25/01/2022,50632
1652,A592UFM060F,26/01/2022,50744
1653,A592UFM060F,27/01/2022,50791
1654,A592UFM060F,28/01/2022,50822
1655,A592UFM060F,31/01/2022,50411
1656,A592UFM060F,01/02/2022,49624
1657,A592UFM060F,02/02/2022,49609
1658,A592UFM060F,03/02/2022,49863
1659,A592UFM060F,04/02/2022,50078
1660,A592UFM060F,07/02/2022,50129
1661,A592UFM060F,08/02/2022,50213
1662,A592UFM060F,09/02/2022,50554
1663,A592UFM060F,10/02/2022,51278
1664,A592UFM060F,11/02/2022,50853
1665,A592UFM060F,14/02/2022,50662
1666,A592UFM060F,15/02/2022,50392
1667,A592UFM060F,16/02/2022,50730
1668,A592UFM060F,17/02/2022,50420
1669,A592UFM060F,18/02/2022,50920
1670,A592UFM060F,21/02/2022,50757
1671,A592UFM060F,22/02/2022,51087
1672,A592UFM060F,24/02/2022,51490
1673,A592UFM060F,25/02/2022,50873
1674,A592UFM060F,28/02/2022,48417
1675,A592UFM060F,01/03/2022,45780
1676,A592UFM060F,02/03/2022,44306
1677,A592UFM060F,03/03/2022,43426
1678,A592UFM060F,04/03/2022,42613
1679,A592UFM060F,05/03/2022,42110
1680,A592UFM060F,09/03/2022,37740
1681,A592UFM060F,10/03/2022,35677
1682,A592UFM060F,11/03/2022,38379
1683,A592UFM060F,14/03/2022,39120
1684,A592UFM060F,15/03/2022,41643
1685,A592UFM060F,16/03/2022,44259
1686,A592UFM060F,17/03/2022,46440
1687,A592UFM060F,18/03/2022,43072
1688,A592UFM060F,21/03/2022,43174
1689,A592UFM060F,22/03/2022,43039
1690,A592UFM060F,23/03/2022,43245
1691,A592UFM060F,24/03/2022,43502
1692,A592UFM060F,25/03/2022,43062
1693,A592UFM060F,28/03/2022,42451
1694,A592UFM060F,29/03/2022,42154
1695,A592UFM060F,30/03/2022,42613
1696,A592UFM060F,31/03/2022,42992
1697,A592UFM060F,01/04/2022,43897
1698,A592UFM060F,04/04/2022,44709
1699,A592UFM060F,05/04/2022,44622
1700,A592UFM060F,06/04/2022,43955
1701,A592UFM060F,07/04/2022,43262
1702,A592UFM060F,08/04/2022,41942
1703,A592UFM060F,11/04/2022,40469
1704,A592UFM060F,12/04/2022,39039
1705,A592UFM060F,13/04/2022,39079
1706,A592UFM060F,14/04/2022,40331
1707,A592UFM060F,15/04/2022,39551
1708,A592UFM060F,18/04/2022,38867
1709,A592UFM060F,19/04/2022,38446
1710,A592UFM060F,20/04/2022,39661
1711,A592UFM060F,21/04/2022,39288
1712,A592UFM060F,22/04/2022,38409
1713,A592UFM060F,25/04/2022,38478
1714,A592UFM060F,26/04/2022,38818
1715,A592UFM060F,27/04/2022,38768
1716,A592UFM060F,28/04/2022,38615
1717,A592UFM060F,29/04/2022,38883
1718,A592UFM060F,04/05/2022,39737
1719,A592UFM060F,05/05/2022,39624
1720,A592UFM060F,06/05/2022,39300
1721,A592UFM060F,11/05/2022,38847
1722,A592UFM060F,12/05/2022,38300
1723,A592UFM060F,13/05/2022,38291
1724,A592UFM060F,16/05/2022,38154
1725,A592UFM060F,17/05/2022,37771
1726,A592UFM060F,18/05/2022,37167
1727,A592UFM060F,19/05/2022,36843
1728,A592UFM060F,20/05/2022,36670
1729,A592UFM060F,23/05/2022,36367
1730,A592UFM060F,24/05/2022,36005
1731,A592UFM060F,25/05/2022,35845
1732,A592UFM060F,26/05/2022,36672
1733,A592UFM060F,27/05/2022,37616
1734,A592UFM060F,30/05/2022,37509
1735,A592UFM060F,31/05/2022,36481
1736,A592UFM060F,01/06/2022,35837
1737,A592UFM060F,02/06/2022,35599
1738,A592UFM060F,03/06/2022,35512
1739,A592UFM060F,06/06/2022,35665
1740,A592UFM060F,07/06/2022,36004
1741,A592UFM060F,08/06/2022,36347
1742,A592UFM060F,09/06/2022,35705
1743,A592UFM060F,10/06/2022,35633
1744,A592UFM060F,14/06/2022,36218
1745,A592UFM060F,15/06/2022,36334
1746,A592UFM060F,16/06/2022,37159
1747,A592UFM060F,17/06/2022,38553
1748,A592UFM060F,20/06/2022,40084
1749,A592UFM060F,21/06/2022,40809
1750,A592UFM060F,22/06/2022,40609
1751,A592UFM060F,23/06/2022,39807
1752,A592UFM060F,24/06/2022,38652
1753,A592UFM060F,27/06/2022,38476
1754,A592UFM060F,28/06/2022,38439
1755,A592UFM060F,29/06/2022,38201
1756,A592UFM060F,30/06/2022,38000
1757,A592UFM060F,01/07/2022,37698
1758,A592UFM060F,04/07/2022,36868
1759,A592UFM060F,05/07/2022,36603
1760,A592UFM060F,06/07/2022,37227
1761,A592UFM060F,07/07/2022,36742
1762,A592UFM060F,08/07/2022,36309
1763,A592UFM060F,11/07/2022,36164
1764,A592UFM060F,12/07/2022,36741
1765,A592UFM060F,13/07/2022,36950
1766,A592UFM060F,14/07/2022,37290
1767,A592UFM060F,15/07/2022,37280
1768,A592UFM060F,18/07/2022,37352
1769,A592UFM060F,19/07/2022,38422
1770,A592UFM060F,20/07/2022,39469
1771,A592UFM060F,21/07/2022,40780
1772,A592UFM060F,22/07/2022,41690
1773,A592UFM060F,25/07/2022,42955
1774,A592UFM060F,26/07/2022,42207
1775,A592UFM060F,27/07/2022,41720
1776,A592UFM060F,28/07/2022,41748
1777,A592UFM060F,29/07/2022,42816
1778,A592UFM060F,01/08/2022,43695
1779,A592UFM060F,02/08/2022,45027
1780,A592UFM060F,03/08/2022,46437
1781,A592UFM060F,04/08/2022,47833
1782,A592UFM060F,05/08/2022,46199
1783,A592UFM060F,08/08/2022,44788
1784,A592UFM060F,09/08/2022,44289
1785,A592UFM060F,10/08/2022,45637
1786,A592UFM060F,11/08/2022,46772
1787,A592UFM060F,12/08/2022,47032
1788,A592UFM060F,15/08/2022,46554
1789,A592UFM060F,16/08/2022,46330
1790,A592UFM060F,17/08/2022,46352
1791,A592UFM060F,18/08/2022,45858
1792,A592UFM060F,19/08/2022,45903
1793,A592UFM060F,22/08/2022,45944
1794,A592UFM060F,23/08/2022,46369
1795,A592UFM060F,24/08/2022,46555
1796,A592UFM060F,25/08/2022,45695
1797,A592UFM060F,26/08/2022,45121
1798,A592UFM060F,29/08/2022,44351
1799,A592UFM060F,30/08/2022,44139
1800,A592UFM060F,31/08/2022,44782
1801,A592UFM060F,01/09/2022,45298
1802,A592UFM060F,02/09/2022,44442
1803,A592UFM060F,05/09/2022,43540
1804,A592UFM060F,06/09/2022,43375
1805,A592UFM060F,07/09/2022,43037
1806,A592UFM060F,08/09/2022,42546
1807,A592UFM060F,09/09/2022,42015
1808,A592UFM060F,12/09/2022,41124
1809,A592UFM060F,13/09/2022,40655
1810,A592UFM060F,14/09/2022,42258
1811,A592UFM060F,15/09/2022,41608
1812,A592UFM060F,16/09/2022,40907
1813,A592UFM060F,19/09/2022,41013
1814,A592UFM060F,20/09/2022,41057
1815,A592UFM060F,21/09/2022,41472
1816,A592UFM060F,22/09/2022,41128
1817,A592UFM060F,23/09/2022,40581
1818,A592UFM060F,26/09/2022,39462
1819,A592UFM060F,27/09/2022,38500
1820,A592UFM060F,28/09/2022,37913
1821,A592UFM060F,29/09/2022,38064
1822,A592UFM060F,30/09/2022,38323
